{
    "test_metrics": {
        "rmse": 0.7665962154996705,
        "mae": 0.5948143483836089,
        "r2_score": 0.37489099869351217,
        "mse": 0.5876697576184172
    },
    "training_metrics": {
        "rmse": 0.7011345992219328,
        "mae": 0.5389575706698491,
        "r2_score": 0.5149750551317278
    }
}